Island,ID,Geologic Area,Name,Rock type,AgeUpBound,AgeLowBound,AgeMeth,MagMin,Primary,FieldTest,MaxAgeMag,MinAgeMag,nSample,Nsites,Dec,Inc,a95,k,A95_VGP,K_VGP,BedStrike,BedDip,Lat,Long,Plat,Plong,Lambda,Ref,DOI,Comments,
KYUSHU,KY-4-2,Nansatsu District,Iwato Ore dep,Andesitic lava (Host),4.6,3.4,K-Ar,Magnetite,Y,Bedding-tilt test,,,22,3,355,47,18.3,47,4.736464258,39.71228364,,,31,130,84.83,368.47,28.19951313,"Takeda et al., 2001",10.1111/j.1751-3928.2001.tb00095.x,,
KYUSHU,KY-4-3,Nansatsu District,Akeshi ore dep,Silicified zone (Ore),4.5,3.6,K-Ar,Hematite,N,Bedding-tilt test,4.18,3.58,64,10,348,29,9.5,27,2.995761044,34.12414349,,,31,130,71,347.99,15.49095396,"Takeda et al., 2001",10.1111/j.1751-3928.2001.tb00095.x,,
KYUSHU,KY-4-4,Kyushi,Miyazaki,Sandst + Siltst,6,2.5,Biostrat,Goethite,Y,Correlation test,,,107,11,338.6,47.5,5.2,63.6,6.06,47.7,Individual,,31.8,131.5,71.27,397.29,28.61927748,"Kodama et al., 1995",10.1130/0091-7613(1995)023<0823:QCROSK>2.3.CO,2,Averaged in April 2020
KYUSHU,KY-5-1,Nansatsu District,Kasuga Ore dep,Andesitic lava (Host),6.3,3.4,K-Ar,Magnetite,Y,Bedding-tilt test,,,24,3,340,66,10.5,78,4.831911734,34.97895615,,,31,131.5,66.97,95.95,48.31629796,"Takeda et al., 2001",10.1111/j.1751-3928.2001.tb00095.x,,
KYUSHU,KY-7-1,Koshikijima Islands,NE-Trend Dyke,Dacite dyke,7.6,6.4,K-Ar,Ti-Mn / Magnetite,Y,"Reversal test, pass",,,64,11,16.1,57.7,7.1,41.9,9.7,23.2,Individual,,31.83,129.83,75.33,189.04,38.34124034,"Tonai et al., 2011",10.1016/j.tecto.2010.11.003,Averaged in April 2020,
KYUSHU,KY-8-1,Uchiumigawa,Janokawauchi,Sands. + Shale,10.5,6,Biostrat,Ti-Magnetite,Y,"Bedding-tilt test, Magstrat",,,104,17,322,48.6,6,36.6,6.7,29.53496481,Individual,,31.7,131.45,57.4,47.79,29.55924881,"Kodama & Nakayama, 1993",10.1029/92TC01712,Averaged in April 2020,
KYUSHU,KY-14-1,Tanegashima Island,Kukinaga grp,Mudst+Sandst,15.97,11.63,Biostrat,Magnetite,Y,"Fold test, inconc",,,103,14,331.2,41.3,10,22,9.3,19.3,,,31,131.167,63.15,386.76,23.71399816,"Kodama et al., 1991",10.5636/jgg.43.721,Averaged in April 2020,
KYUSHU,KY-15-1,Koshikijima Islands,NW-Trend Dyke,Andesite dyke,15.1,14.3,K-Ar,Ti-Mn / Magnetite,Y,"Reversal test, incoc",,,64,10,334.2,58.8,12.1,16.9,15.9,10.2,Individual,,31.83,129.83,67.77,67.33,39.54301669,"Tonai et al., 2011",10.1016/j.tecto.2010.11.003,Averaged in April 2020,
KYUSHU,KY-16-1,Tsushima Islands,,Gr+Dl+Qp+Fs+vo+Sh,20.3,12.3,FT, K-Ar,(Ti-) Magnetite,Y,Bedding-Tilt,,,125,15,337.6,47.1,11.7,33.9,12.2,31.2,Individual,,34.8,129.5,69.88,386.81,28.28309886,"Ishikawa et al., 1989",10.5636/jgg.41.797,Averaged in April 2020
KYUSHU,KY-22-1,Amakusa,Akasaki,Red Silt,37,37,Biostrat,Hematite,N,,23,20,28,5,30,50.7,17.9,19.2,8.4,84.5,,,32.52,130.42,64.61,214.76,31.41994966,"Ishikawa, 1997",10.1029/97jb01343,,
KYUSHU,KY-27-1,Sasebo-Imari,Multiple (magstrat),Silts and tuffs,34,19,Fission Track,Magnetite,Y,,,,30,6,353,53,9.7,48.8,11.1,37.2,,,33.25,129.82,84.1,49.9,33.56516544,"Ishikawa, 1997",10.1029/97jb01343,,
KYUSHU,KY-30-1,Kita-Kyushu,Ashiya Group,mud stone and tuffs,30,30,Biostrat,Magnetite,Y,,,,52,7,35.9,45.3,9.9,37.8,11.1,30.7,,,34.9,130.68,58.32,225.46,26.80580833,"Ishikawa, 1997",10.1029/97jb01343,,
KYUSHU,KY-87-1,-,Unspecificied,Granite,97,76,K-Ar,Ti-Magnetite,Y,,,,31,4,63.4,54.1,24.1,15.5,28.9,11.1,,,33,130.25,38.8,197.6,34.63372627,"Ishikawa, 1997",10.1029/97jb01343,,
KYUSHU,KY-90-1,Onogawa,Ryozen,Red ss,90,90,Stratigraphy,Hematite,Y,Fold-test,,,64,10,73.6,37.4,15.5,10.7,11,11.50322949,Individual,,33,131.5,24.4,202.6,20.92079877,"Uno et al., 2017",10.1016/j.pepi.2017.03.007,,
KYUSHU,KY-90-2,Onogawa,Ryozen,Red ss,90,90,Stratigraphy,Hematite,Y,Fold-test,,,10,6,77,38.3,12.7,19.5,7.5,20.54834589,Individual,,33,131.5,28.4,202.5,21.5478841,"Uno et al., 2017",10.1016/j.pepi.2017.03.007,,
KYUSHU,KY-103-1,Goshonoura Group,Eboshi+Karakizaki,Cong/MS/SS,113,93.9,Biostrat,Hematite,Y,Fold-test,,,120,18,64.7,63.1,5.4,42,8.2,39,N20,60,32.167,130.167,39.4,186.1,44.5831443,"Kodama & Takeda, 2002",10.1016/S0012-821X(02)00691-X,,
HONSHU SW,HN-SW-11-1,San'in District,Matsue,Basalt,12.4,10.2,K-Ar,Magnetite,Y,,,,12,,354.3,55.9,8.7,23.8,10.344131,15.26464828,,,35.2,133,83.51,59.74,36.44575334,"Otofuji et al., 1991",10.1111/j.1365-246X.1991.tb06721.x,Paper in  Japanese,
HONSHU SW,HN-SW-11-2,San'in District,Matsue,Basalt,12.4,10.2,K-Ar,Magnetite,Y,,,,10,,352.1,25.8,11.3,19.2,8.765296282,25.51072906,,,35.2,133,67.24,333.21,13.5883069,"Otofuji et al., 1991",10.1111/j.1365-246X.1991.tb06721.x,,
HONSHU SW ,HN-SW-12-1,Yatsuo Area,Tengu+Otogawa,SS+Cong,14.2,10.4,FT,Goethite,Y,,,,8,,353.6,50.8,3.2,39.2,9.095296648,29.6164055,,,36.5,137,85.21,370.18,31.51081963,"Itoh et al., 1986",10.5636/jgg.38.325,,
HONSHU SW ,HN-SW-12-2,Gö River,Omori Fm,Andesite lava,12,12,K-Ar,Magnetite,Y,,,,44,4,351.6,56.4,17.3,29,21.2,19.7,,,35,132.833,82.93,61.39,36.963674,"Otofuji and Matsuda, 1983",10.1016/0012-821X(83)90005-5,,
HONSHU SW,HN-SW-14-1,San'in District,Omori,Andesite+Basalt,14.8,13.6,K-Ar,Magnetite,Y,,,,200,18,0,55.9,8.9,16,10.5,11.9,Individual,,35.3,132.9,86.1,146,36.44575334,"Otofuji et al., 1991",10.1111/j.1365-246X.1991.tb06721.x,Averaged in April 2020,
HONSHU SW ,HN-SW-15-1,Yatsuo Area,Higashi-Besho,Bedded mudstone,16.4,12.6,FT,Goethite,Y,,,,12,,6,45.7,4.9,80.1,4.824563478,70.17117931,,,36.5,137,79.34,286.81,27.12919655,"Itoh et al., 1986",10.5636/jgg.38.325,,
HONSHU SW ,HN-SW-15-2,Shitara area,Tsugu,Basalt,15,15,K-Ar,Magnetite,Y,,,,67,9,9.6,51.2,13.7,15.2,16.3,10.9,0,0,33.267,130.53,81.79,227.67,31.87643045,"Hoshi & Sano, 2013",10.1111/iar.12022,Averaged in April 2020,
HONSHU SW ,HN-SW-15-3,Nohi Area,Higashibesshi Fm.,Tuff,15.5,14.9,Biostrat,Goethite,Y,Bedding-tit test,,,10,,15.1,73.1,5.9,68.9,9.033000599,24.02105033,,,36,137,65.22,155.83,58.71519027,"Itoh, 1988",doi:10.1029/JB093iB04p03401,,
HONSHU SW ,HN-SW-15-4,Shitara Basin,Dyke Swarm,Basaltic Dykes,15.7,14.3,K-Ar,Ti-Magnetite,Y,Reversal test,,,148,21,9.7,54.5,5.2,38,6.2,,Individual,,35.1472,137.6125,82.3,216.6,35.02946247,"Hoshi & Yokoyama, 2001",10.1186/BF03352401,,
HONSHU SW,HN-SW-15-5,Kaga Province,Kanazawa,Siltsone,15.7,14.9,Biostrat,(Ti-) Magnetite,Y,Reversal test,,,62,7,25.6,49.3,11,31.1,11.7,27.7,Individual,,36.5,136.67,67.77,232.76,30.16959228,"Itoh and Ito, 1989",10.1016/0040-1951(89)90294-1,Averaged in April 2020,
HONSHU SW ,HN-SW-15-6,"Mizunami, Shuku",Oidawara,Siltstone,15.8,15.8,biostrat,Magnetite,N,,15.8,15.16,35,,350.3,54.9,4.1,35.5,4.877551244,23.53880143,72,3,35.4047,134.2597,82.1,50.25,35.42911355,"Hoshi et al., 2015",10.1186/s40623-015-0266-3,,
HONSHU SW ,HN-SW-16-1,Nohi Area,Kurosedani,Pumice Tuff,15.5,15.5,Biostrat,Goethite,Y,Bedding-tit test,,,12,,6,45.7,4.9,80.1,4.824563478,70.17117931,,,36,137,79.77,285.42,27.12919655,"Itoh, 1988",doi:10.1029/JB093iB04p03401,,
HONSHU SW ,HN-SW-16-2,"Mizunami, Shuku",Oidawara,Siltstone,15.8,15.8,biostrat,Magnetite,Y,,,,142,,13.9,40.9,3,17.1,2.853104379,16.95635132,72,3,35.4047,134.2597,73,268.33,23.41809185,"Hoshi et al., 2015",10.1186/s40623-015-0266-3,,
HONSHU SW ,HN-SW-16-3,Yatsuo Area,Higasibessbo Fm,Mudstone,16.12,15.5,Biostrat,Magnetite,Y,Bedding-Tilt / Magstrat ,,,78,9,4.7,52.2,9.4,30.7,10.9,23.2,,,36,137,84.98,265.13,32.80567095,"Tamaki, et al., 2006",10.9795/bullgsj.57.73,Averaged in April 2020,
HONSHU SW ,HN-SW-16-4,Yatsuo Area,Kurosedani Fm,Tuff + SiltS,16.7,16.12,Biostrat,Magnetite,Y,Bedding-Tilt / Magstrat ,,,93,12,9.9,47.3,9.3,22.7,11.4,15.5,,,36.6,137.04,81.39,343.09,28.45081952,"Tamaki, et al., 2006",10.9795/bullgsj.57.73,Averaged in April 2020,
HONSHU SW,HN-SW-16-5,Hokuriku District,Tottori Grp ,MS/Cong/A.Lv/Dc.Pr,16.2,15,Biostrat,Magnetite ,Y,Bedding-tilt,,,35,4,17.4,49.8,12.1,58.6,10.36197923,45.63632297,Individual,,35.4,134.4,74.67,237.66,30.61153409,"Ishikawa et al., 2017",http://dx.doi.org/10.5772/67960,,
HONSHU SW,HN-SW-17-1,Hokuriku District,Hokutan Grp - Toyooka  (up),"Volc. Sand, Tuff, MS",19,14.9,K-Ar/Biostrat/Strat,Magnetite ,Y,Bedding-tilt,,,35,5,23.8,51.9,12.4,39.4,11.67257955,28.77082941,Individual,,35.4,135.93,70.1,227.35,32.5245839,"Ishikawa et al., 2017",http://dx.doi.org/10.5772/67960,,
HONSHU SW ,HN-SW-17-2,Kakegawa,Matsuba,Siltstone,18,15.5,Bio strat,Magnetite,Y,"Fold-Test, W limb",,,31,6,7,60,9.2,53.9,13,27.6,,,34.83,138,81.8,178.24,40.89339465,"Hayashida, 1994",10.5636/jgg.46.1051,Averaged in April 2020,
HONSHU SW ,HN-SW-17-3,San'in District,Kawai,Andesite+Basalt,17.5,15.8,K-Ar,Magnetite,Y,,,,84,8,38.5,39.8,15.1,14.5,13.8,17.1,Individual,,35.2,132.8,55.7,128.5,22.61584342,"Otofuji et al., 1991",10.1111/j.1365-246X.1991.tb06721.x,Averaged in April 2020,
HONSHU SW ,HN-SW-17-4,Morozaki,Morozaki Group,Tuffs and Muds,23,11,Biostrat,n.d.,Y,,,,57,8,36.1,56.2,12.1,22,15.4,13.9,,,34.7,136.9,60.8,212.24,36.75572561,"Hayashida, 1986",10.5636/jgg.38.295,Averaged in April 2020,
HONSHU SW ,HN-SW-17-5,Mizunami,Mizunami Group,Tuffs and Muds,23,11,Biostrat,n.d.,Y,,,,8,,29.6,42.3,10.9,26.7,9.787399615,25.57593049,,,35.4,137.2,62.25,242.25,24.46387341,"Hayashida, 1986",10.5636/jgg.38.295,,
HONSHU SW ,HN-SW-18-1,Yatsuo Area,Nirehara Fm,Siltstone,17.73,17.62,Biostrat,Magnetite,Y,Bedding-Tilt / Magstrat ,,,8,,13.4,25.8,7.5,75.3,4.948513203,100.0498905,80E,30N,36.5,137.05,64.14,285.96,13.5883069,"Tamaki, et al., 2006",10.9795/bullgsj.57.73,Averaged in April 2020,
HONSHU SW,HN-SW-18-2,Mizunami,Mizunami,MS/SS,18.1,17.5,Stratigraphy,Magnetite,Y,Reversal,,,104,20,48.1,49.2,5,43.2,5.8,33.1,,,35.4,137.2,49.59,220.66,30.08180695,"Hiroki and Matsumoto, 1999",10.5575/geosoc.105.87,Averaged in April 2020,
HONSHU SW,HN-SW-21-1,Oki-Dogo Island,Kori,Basalt Lava,21.9,19.9,FT,Magnetite + Maghemite,Y,Bedding-tilt,,,9,,45.8,58,10.2,26.5,11.73142095,15.8238561,,,36.3,133.2,53.96,205.26,38.66565141,"Kojima et al., 2001",10.1186/BF03352361,Averaged in April 2020,
HONSHU SW,HN-SW-21-2,Oki-Dogo Island,Kori,Basalt Lava,21.9,19.9,FT,Magnetite + Maghemite,Y,Bedding-tilt,,,7,,36.1,55.7,6.2,94.9,6.759853785,61.27501507,,,36.3,133.2,61.07,212.4,36.24039453,"Kojima et al., 2001",10.1186/BF03352361,Averaged in April 2020,
HONSHU SW ,HN-SW-22-1,Izumo area,Hata,And. Lv + RhyD WT,23,21,FT,Magnetite,Y,Bedding-tilt test,,,65,6,69.9,49.5,14.5,22.2,4.15757066,17.44469725,,,35,134,19.17,231.8,30.34576355,"Otofuji and Matsuda, 1984",10.1016/0012-821X(84)90021-9,,
HONSHU SW ,HN-SW-28-1,Izumo area,Kawauchi,Dacite WT,28,28,FT,Magnetite,Y,Bedding-tilt test,,,68,6,52.2,33.5,14.3,20.2,3.499110706,23.54137322,,,35,134,41.06,229.81,18.31158882,"Otofuji and Matsuda, 1984",10.1016/0012-821X(84)90021-9,Japanese Paper,
HONSHU SW ,HN-SW-29-1,Gö River,Sorajo,Dacite WT,29,28,FT,Magnetite,Y,Bedding-tilt test,,,10,,96.5,64.5,9.8,25.1,12.84024279,11.888022,,,35,132.833,20.55,179.92,46.35004471,"Otofuji and Matsuda, 1983",10.1016/0012-821X(83)90005-5,,
HONSHU SW ,HN-SW-29-3,Gö River,Sorajo,Dacite WT,29,28,FT,Magnetite,Y,Bedding-tilt test,,,11,,83.9,30.5,11.2,17.2,9.170262845,21.18848076,,,35,132.833,14.21,212.55,16.41088795,"Otofuji and Matsuda, 1983",10.1016/0012-821X(83)90005-5,,
HONSHU SW ,HN-SW-33-1,Izumo area,Multiple,Dct  WT+ RhyD WT,35,30,FT,Magnetite,Y,Bedding-tilt test,,,203,26,65.9,48.6,6.5,19.8,2.45821427,15.97793178,,,35,134,35.26,209.97,29.55924881,"Otofuji and Matsuda, 1984",10.1016/0012-821X(84)90021-9,,
HONSHU SW ,HN-SW-61-1,Gö + Yamaguchi,Sakurae,Dacite WT,63,58,FT,Magnetite,Y,Bedding-tilt test,,,148,14,74.1,52.1,12,19.8,12.4,14.36806558,,,35,134,29.92,203.01,32.71175222,"Otofuji and Matsuda, 1987",10.1016/0012-821X(87)90039-2,,
HONSHU SW,HN-SW-70-1,Koto rhyolite,Koto rhyolite,Ash Tuff,75,68,K-Ar,Magnetite,N,Bedding-tilt (Negative),,70,185,24,87.5,54.1,6.5,21.9,8.1,14.2,Individual,,35.16806,136.30694,20.9,197.94,34.63372627,"Fukuma et al., 2003",0148-0227/03/2001JB000425$09.00,Calculated in April 2020,
HONSHU SW,HN-SW-70-2,Koto rhyolite,Koto rhyolite,Ring Dykes,75,68,Fission Track,Magnetite,N,Bedding-tilt (Negative),,70,75,9,73.5,65.8,9.6,29.7,13.1,16.4,-,-,35.16806,136.30694,35.7,188.43,48.04966684,"Fukuma et al., 2003",0148-0227/03/2001JB000425$09.00,Calculated in April 2020,
HONSHU SW,HN-SW-72-2,Ikuno Area,Arima Group,Welded Tuff,75.7,68.5,K-Ar,Magnetite,Y,Bedding-Tilt,,,25,4,78.4,44.7,9.5,93.9,8.5,84.51682801,Individual,,35.2,134.7,23.76,208.29,26.32580201,"Uno, 2002",10.1046/j.1365-246X.2002.01639.x,,
HONSHU SW,HN-SW-74-1,Nohi Area,"Nohi Rhy, peripheral",Rhyolite Welded Tuffs,83,65,K-Ar,Magnetite,Y,Bedding-Tilt,,,110,10,43,51.5,10.1,24,11.3,19.2,Individual,,36,137,54.46,220.42,32.15289971,"Otofuji et a., 1999",10.1029/1999JB900086,Averaged in April 2020,
HONSHU SW ,HN-SW-86-1,Gö + Yamaguchi,Ochi,Rhy + RhyD WT,92,80,FT,Magnetite,Y,Bedding-tilt test,,,154,14,73.4,43,10,13.7,9.8,12.89207902,,,35,134,27.03,211.18,24.99764142,"Otofuji and Matsuda, 1987",10.1016/0012-821X(87)90039-2,,
HONSHU SW ,HN-SW-85-1,Gö + Yamaguchi,Shunan + Abu,Rhy WT + Dct WT,112,58,Rb-Sr / FT,Magnetite,Y,Bedding-tilt test,,,231,21,64.6,63.7,5.8,13.2,8.5,6.436288782,,,35,134,40.91,191.18,45.33246612,"Otofuji and Matsuda, 1987",10.1016/0012-821X(87)90039-2,,
HONSHU SW ,HN-SW-102-1,Inuyama,Red Bedded Cherts,Red Chert,240,176,Biostrat,Magnetite,N,Fold test,120,83,90,9,51.6,66.7,5.5,88.4,4.919098582,38.64540946,Individual,,34.5,137,49.75,189.33,49.26049267,"Oda et al., 2000",10.1029/2000jb900267,,
HONSHU SW ,C1,Yamami,,Mudstones,17.76,16.96,,,Y,,,,8,,23.1,47.9,3.9,199.8,,,N89ºW,5,34.73,136.91,,,,"Hoshi & Matsunaga, 2024",10.1111/iar.12513,Bed converted DD --> S/D,
HONSHU SW ,C2,Yamami,,Mudstones,17.76,16.96,,,Y,,,,8,,35.8,54.4,6.1,83.3,,,N89ºW,5,34.73,136.91,,,,"Hoshi & Matsunaga, 2024",10.1111/iar.12513,Bed converted DD --> S/D,
HONSHU SW ,SW(Th),Oeyama SW,,Dunite (Serp),469,444,,,N,,20,15,33,,227.2,-38,5.5,22,,,NC,NC,35.38,134.38,,,,"Otofuji et al., 2020",10.1016/j.epsl.2020.116656,,
HONSHU SW ,SW(AF),Oeyama SW (AF),,Dunite (Serp),469,444,,,N,,20,15,8,,233.8,-39.5,6.6,70.8,,,NC,NC,35.38,134.38,,,,"Otofuji et al., 2020",10.1016/j.epsl.2020.116656,,
HONSHU SW ,Mean (47% TC),Ohyamashimo Fm,,Redbed,112.5,111.7,,,Y,,,,,28,77,51.8,2.9,87.6,3.5,,,,35.08,135.1,,,,"Uno & Morinaga, 2023",10.5575/geosoc.2023.0031,,
HONSHU SW ,Meat ChRM,Ishizuchiyama ,,Red ms,107,105.6,,,Y,,,,,11,84.2,41.9,7.1,42,,,,,34.55,133.46,,,,"Uno et al., 2021",10.1186/s40623-021-01457-6,,
HONSHU SW ,Mean MT (9% TC),Ishizuchiyama MT,,Red ms,107,105.6,,,N,,70,20,,12,58.3,50.5,4.8,82,,,,,34.55,133.46,,,,"Uno et al., 2021",10.1186/s40623-021-01457-6,,
HONSHU SW ,Mean HTC,Hayama,,Red ms,105,97,,,Y,,,,,8,65.9,48.1,5.2,114.7,6.1,,,,34.82,133.49,,,,"Uno et al., 2023",10.1186/s40562-023-00275-w,,
HONSHU SW ,Mean MTC1,Hayama,,Red ms,105,97,,,N,,70,35.8,,8,50.4,53.6,1.9,895,,,,,34.82,133.49,,,,"Uno et al., 2023",10.1186/s40562-023-00275-w,,
HONSHU SW ,Mean MTC2,Hayama,,Red ms,105,97,,,N,,70,35.8,,8,49.9,52.2,2.6,472,,,,,34.82,133.49,,,,"Uno et al., 2023",10.1186/s40562-023-00275-w,,
PHIL. SEA,PSP-1-1,Izu Peninsula,Jaishi Volc ,Andesitic lava,1.42,1.28,K-Ar,Ti-Magnetite,N,Bedding-Tilt,,,60,9,334.9,58,11.4,17.1,7,10.21086563,,,35,139,69.65,66.78,38.66565141,"Kikawa et al., 1989",10.5636/jgg.41.175,Averaged in April 2020,
PHIL. SEA,PSP-1-2,Izu Peninsula,Tanaba Volc,Andesitic lava,1.52,1.19,K-Ar,Ti-Magnetite,Y,Bedding-Tilt,,,53,8,350.1,47.7,11.4,17.5,9.3,14.49489634,,,35,139,79.56,375.24,28.78847881,"Kikawa et al., 1989",10.5636/jgg.41.175,Averaged in April 2020,
PHIL. SEA,PSP-1-3,Izu Peninsula,Fudeshima volc.,Basaltic lava,2.4,0.1,K-Ar,Ti-Magnetite,Y,Bedding-Tilt,,,92,21,2.4,51.9,6.6,24.1,7,17.59840073,,,35,139,86.82,279.46,32.5245839,"Kikawa et al., 1989",10.5636/jgg.41.175,Averaged in April 2020,
F. MAGNA,FM-2-1,Boso Peninsula,Kd38 volc ash,Ash/pumice/WT,2.6,1.6,FT,Magnetite,Y,,,,19,,29.5,48.9,4,72.7,4.211804058,58.15220046,,,35.2161,140.10527,64.65,234.01,29.81964255,"Iwaki and Hayashida, 2003",10.1046/j.1440-1738.2003.00378.x,,
F. MAGNA,FM-2-2,Takayama,Ebisutoge,Ash/pumice/WT,2.6,1.6,FT,Magnetite,Y,,,,12,,33,51.1,6.6,44.7,6.986530488,33.46198561,,,36.19361,137.3408,62.42,226.82,31.78470642,"Iwaki and Hayashida, 2003",10.1046/j.1440-1738.2003.00378.x,,
F. MAGNA,FM-5-1,Fossa Magna,Shigarami Fm.,Sills and Lavas,6.17,4.43,K-Ar,Magnetite,Y,Fold test,,,29,7,349,58.5,8.97,46.24,11.67,27.73,,,36.516,138,80.91,68.58,39.21189449,"Niitsuma et al., 2003",10.1046/j.1440-1738.2003.00397.x,Averaged in April 2020,
F. MAGNA,FM-6-1,Echigo-Yzawa,-,Granite,5.9,5.9,K-Ar,(Ti-)Magnetite,Y,,,,91,7,43.7,40,15.5,16,14.3,11.2,,,36.868,138.8025,49.95,236.89,22.76047627,"Hirooka et al., 1990",10.1016/0031-0182(90)90185-A,,
F. MAGNA,FM-7-1,Uchiyama,Chichibu Qz-Diorite,Quartz diorite,8,6,K-Ar,Magnetite,Y,Reversal,,,134,21,3.5,64.4,5.1,40.2,6.7,23.4,,,36,138.83,79.4,152.1,46.22167954,"Takahashi and Nomura, 1989",10.5636/jgg.41.479,,
F. MAGNA,FM-8-1,Boso Peninsula,Nishizaki Fm.,Siltstone,9.9,6.8,Biostrat,Magnetite,Y,Fold/Tilt test,,,222,15,47.5,44.9,5.9,42.5,6.69,33.65,,,35,140,48.69,228.4,26.48513484,"Yamamoto and Kawakami, 2005",10.1111/j.1440-1738.2005.00463.x,,
F. MAGNA,FM-8-2,NE Central Jap,Ya+Shi+Ki+KatNE+Ok+As,Welded Tuff,10.9,5,FT,Magnetite + Hematite,Y,Fold-test,,,220,21,0.2,43.9,8.5,43.5,8.9,,Individual,,36.8,139.3,79.3,315.7,25.6950338,"Otofuji et al., 1997",10.1016/S0040-1951(97)00065-6,,
F.MAGNA,FM-8-3,Miura Peninsula,Miura + Hayama,Tuff+Tuff.Silst,11.6,5.3,Biostrat,Goethite?,Y,Bedding-Tilt,,,187,25,20.7,38.8,6.4,21.2,6.4,21.7,Individual,,35.16,139.5,67.57,260.22,21.90063623,"Yoshida et al., 1984",10.5636/jgg.36.579,Calculated in April 2020,
F. MAGNA,FM-20-1,Chichibu,Chichibu basin,SS/MS/T/TS,23,16,Biostrat,Magnetite,Y,Reversal,,,53,11,93.7,52,8.3,31.4,9.9,22.1,n.s.,n.s.,36,139,15.83,199.89,32.61805682,"Hyodo and Nitsuma, 1986",10.5636/jgg.38.335,Averaged in March 2020,
HONSHU NE,HN-NE-2-1,Gojome Syncline,Sasaoka Fm.,SS/Tuff,2.8,1.7,Magstrat,Magnetite,Y,Fold-test (Positive),,,129,17,359.8,52.3,7.7,22.2,9.6,14.8,Individual,,39.90833333,140.1583333,82.99,321.54,32.89981388,"Hoshi and Yamada, 2016",10.1016/j.quaint.2015.05.022,,
HONSHU NE,NH-NE-8-1,Okura River,Shimokura dk swarm,Bslt, Andst, Dacite,8,8,K-Ar,Not-Specified,Y,Baked contact test,,,64,15,342,62.1,5.2,55,7,31,,,38.316,140.716,75.73,74.99,43.36012872,"Tsunakawa et al., 1985",10.1177/016555158501100107
HONSHU NE,HN-NE-12-1,Hachimantai,Kiritoshi,Dacite WT,12.8,10.4,K-Ar + FT,Mag + Hem,Y,Bedding-tilt test,,,12,,0.6,45.7,5.8,56.6,5.73939437,49.5841292,,,40.016,140.93,77.1,318.54,27.12919655,"Otofuji et al., 1994",10.1016/0012-821X(94)90087-6,,
HONSHU NE,NH-NE-14-1,Ishikosi,Ishikosi,Andesite,13.7,13.3,K-Ar,Magnetite/ Ti-Mag,Y,,,,8,,9.2,65.9,7.3,40.5,10.7,19,0,0,38.7,141.2,76.8,171,48.18280897,"Hoshi & Teranishi, 2007",10.1186/BF03352749,Averaged in April 2020,
HONSHU NE,NH-NE-14-2,Taiheizan,Okuramata Fm,Rhyolite WT,14.1,14.1,K-Ar + FT,Mag + Hem,Y,Bedding-tilt test,,,10,,350.1,61.1,5.1,92.2,6.300725442,49.37134522,,,39.7167,140.4,82.14,71.76,42.16866076,"Otofuji et al., 1994",10.1016/0012-821X(94)90087-6,,
HONSHU NE,NH-NE-14-3,Abukuma Terrane,Takadate,Andesite,15.32,13.56,K-Ar,Magnetite,Y,"Fold-test, reversal",,,117,11,355.3,12,13.5,16.5,13.5,25.37405954,Individual,,38,140.667,74.5,336.7,6.066524725,"Baba et al., 2007",10.1111/j.1365-246X.2007.03513.x,,
HONSHU NE,NH-NE-14-4,NE Central Jap,Katanashi. SW + Osawa,Welded Tuff,15.5,12,FT,Magnetite + Hematite,Y,Fold-test,,,85,8,10.7,52.7,8.62,14.8,9.5,10.53814182,Individual,,36.8,139.3,81.2,234.9,33.27864509,"Otofuji et al., 1997",10.1016/S0040-1951(97)00065-6,Averaged in April 2020,
HONSHU NE,HN-NE-16-1,Southern Uetsu,Oguni,WT,16,16,N/S,Magnetite,Y,Bed-tilt (McFadden),,,10,,2.7,40.7,6,67,5.418420746,66.75912265,245,16,38.3,139.83,74.8,310.33,23.27098548,"Yamaji et al., 1999",10.1186/BF03352213,,
HONSHU NE,HN-NE-16-2,Southern Uetsu,Tsugawa,Tuffaceous Siltstone,16,16,N/S,Magnetite,Y,Bed-tilt (McFadden),,,9,,3.6,67.7,5.7,84,7.8420438,35.41237338,140,16,38.3,139.83,77.4,150.35,50.63934858,"Yamaji et al., 1999",10.1186/BF03352213,,
HONSHU NE,HN-NE-16-3,Tochigi Prefecture,Motegi Formation,Dac dome/Bas+And,16.1,15.7,K-Ar,Magnetite,Y,Reversal (lack thereof),,,106,21,8,59.5,5.8,30.6,7.3,17.34153599,In situ/individual,,36.6,140.2,82,186.3,40.32564815,"Hoshi and Takahasi, 2013",10.5575/geosoc.103.523,Averaged in April 2020,
HONSHU NE,HN-NE-16-4,Ou Backbone Range,Oishi Fm,Mudstone,16.4,15.1,FT,Ti-Magnetite,Y,Fold-test,,,51,12,325.9,66.7,10.5,61.8,3.771602249,27.0168134,Individual,,39.3,140.8,82.02,233.69,49.26049267,"Hosoi et al., 2015",10.1111/iar.12109,,
HONSHU NE,HN-NE-16-5,Abukuma mountains,Ryozen fm,Bas lava, Fluv dep,16.7,16,Stratigraphy,Magnetite,Y,Cong Test (positive),,,57,10,349.8,65,4.2,65,9.8,30.23047827,,,36,140.73,88.9,333.6,46.99692847,"Takahashi et al., 1999",10.1016/S0040-1951(99)00044-X,Averaged in April 2020
HONSHU NE,HN-NE-17-1,Abukuma Terrane,Ryozen,Basalt,17.34,15.7,K-Ar,Magnetite,Y,,,,136,8,333.5,28,9.6,34.2,10.6,43.93448954,,,38,140.667,61.8,73.5,14.8879756,"Baba et al., 2007",10.1111/j.1365-246X.2007.03513.x,,
HONSHU NE,HN-NE-17-2,Tochigi Prefecture,Motegi,Andesite and basalt,17.6,15.8,FT,(Ti-) Magnetite,Y,Reversal test,,,66,11,8.4,55.8,9.3,24.9,4.6,17.9,Individual,,36.6,140.2,83.24,229.88,36.34294562,"Hoshi and Takahashi, 1997",10.5575/geosoc.103.523,"Calculated in April, 2020",
HONSHU NE,HN-NE-17-3,Ninohe area,Nisatai,Dacite,17.7,17.1,K-Ar/ FT,Magnetite and Hematite,Y,Conglomerate test,,,36,8,294.5,44.2,8.3,45.3,8.4,41.31854216,Individual,,40.2,141.3,34.7,58.8,25.93035334,"Hoshi and Matsubara, 1998",10.1186/BF03352083,,
HONSHU NE,HN-NE-17-4,Oshima Peninsula,Masukawa Fm,Rhyolite WT,19.3,15.1,K-Ar + FT,Mag + Hem,Y,Bedding-tilt test,,,13,,347.3,50.3,5.9,51.3,6.189649736,39.35324704,,,42.58,140.116,74.67,365.54,31.05857565,"Otofuji et al., 1994",10.1016/0012-821X(94)90087-6,,
HONSHU NE,HN-NE-18-1,Tochigi Prefecture,Yamanouchi,Andesite and basalt,17.9,17.5,K-Ar,(Ti-) Magnetite,Y,Reversal test,,,212,36,9.8,56.4,4.6,27.4,6,19.7,Individual,,36.6,140.2,82.15,224.62,36.963674,"Hoshi and Takahashi, 1997",10.5575/geosoc.103.523,"Calculated in April, 2020",
HONSHU NE,HN-NE-18-2,Northern Uetsu,Atsumi,WT+TS+Trach Lava,18,18,Biostrat,Magnetite,Y,Bed-tilt (McFadden),,,8,,308.9,45.9,15.7,14,14.17255078,12.19747792,52,32,38.3,139.83,46.23,50.99,27.29192294,"Yamaji et al., 1999",10.1186/BF03352213,,
HONSHU NE,HN-NE-18-3,Tochigi Prefecture,Motokazawa,Basalt and Andesite,18.6,18.2,K-Ar,(Ti-) Magnetite,Y,Reversal test,,,127,25,0.3,48.3,3.4,72.6,3.4,42.8,Individual,,36.6,140.2,82.7,318.14,29.30060436,"Hoshi and Takahashi, 1997",10.5575/geosoc.103.523,"Calculated in April, 2020",
HONSHU NE,HN-NE-20-1,Abukuma mountains,Tenmyosan ,Bas lava, Fluv dep,20.7,19.4,Stratigraphy,Mn+Hem,Y,,,,31,5,320.4,41.3,16.5,22.3,15.5,21.89817381,,,37.76,140.83,53.51,399.82,23.71399816,"Takahashi et al., 1999",10.1016/S0040-1951(99)00044-X,
HONSHU NE,HN-NE-20-2,Tsugaru Peninsula,Gongenzaki,Dacite WT,23.03,15.97,K-Ar + FT,Mag + Hem,Y,Bedding-tilt test,,,12,,292,52.2,6,52.6,6.551800762,38.04989484,,,41.133,140.283,36.41,64.74,32.80567095,"Otofuji et al., 1994",10.1016/0012-821X(94)90087-6,,
HONSHU NE,HN-NE-22-1,Ninohe area,Dikes,Andesites ,23.9,19.7,K-Ar/ FT,Magnetite and Hematite,Y,,,,10,3,328.3,38.2,39.9,10.6,34.2,11.19503373,,,40.3,141.3,59.1,30,21.47771277,"Hoshi and Matsubara, 1998",10.1186/BF03352083,,
HONSHU NE,HN-NE-22-2,Noto Penisula,Noto,Andesite,27.9,16,K-Ar,Magnetite,Y,Reversal/bedding tilt,,,68,6,355.2,70.9,15.9,19,6.35178874,7.144224091,Individual,,37.3,137.1,71.71,128.37,55.29499414,"Hirooka et al., 1986",10.5636/jgg.38.311,,
HONSHU NE,HN-NE-23-1,Oshima Peninsula,Fukuyama,Rhyolite WT,24.3,20.8,K-Ar + FT,Mag + Hem,Y,Bedding-tilt test,,,13,,272.2,43.2,9.2,21.1,8.736335748,19.75395621,,,41.416,140.216,17.89,68.32,25.15152266,"Otofuji et al., 1994",10.1016/0012-821X(94)90087-6,,
HONSHU NE,HN-NE-24-1,Sado Island,Sado,Dacitic tuff breccia,31.8,16,K-Ar,Magnetite,Y,Reversal/bedding tilt,,,40,4,332.9,59.9,11.1,69,3.564921075,38.55637907,Individual,,38.1,138.2,68.98,64.07,40.77925684,"Hirooka et al., 1986",10.5636/jgg.38.311,,
HONSHU NE,HN-NE-25-1,Yuzawa,Okatsugawa Fm,Dacite WT,25,25,K-Ar + FT,Mag + Hem,Y,Bedding-tilt test,,,53,6,319.5,54.5,11.5,35.1,15,21,,,39.03,140.366,57.69,56.14,35.02946247,"Otofuji et al., 1994",10.1016/0012-821X(94)90087-6,Averaged in April 2020,
HONSHU NE,HN-NE-33-1,Yuzawa,Yunosawagawa Fm,Pyroxene ande. WT,33,33,K-Ar + FT,Mag + Hem,Y,Bedding-tilt test,,,28,3,316.5,63.7,21.4,34.1,26.5,22.7,,,39.116,140.366,57.56,75.92,45.33246612,"Otofuji et al., 1994",10.1016/0012-821X(94)90087-6,Averaged in April 2020,
HONSHU NE,HN-NE-37-1,Kitami,S Kitami Terrane,Limest. + Meta SS,484,251.9,"K-Ar, Strat",Pyrr + Magnet,N,"Fold-test, negative",62,16,190,18,321.2,56.5,5.2,44.7,5.9,35.4,,,39.5,141.4,59.68,59.32,37.06804107,"Otofuji et al., 2003",10.1016/S0012-821X(03)00125-0,Averaged in April 2020,
HONSHU NE,HN-NE-<66-10,Honshu,Kurihashi LT,Granodiorite,110,91.5,FT,Magnetite,N,Demag Test / LT,66,,62,11,50.5,24.2,11.2,17.5,9.4,24.4,,,39.3,141.7,38.25,248.23,12.66450791,"Itoh et al., 2000",10.1029/2000jb900071,Averaged in April 2020,
HONSHU NE,HN-NE-<66-3,Honshu,Kurihashi MT,Granodiorite,110,91.5,FT,Magnetite,N,Demag Test / MT,66,,109,16,15.3,45.1,6.4,33.7,6.9,29.25,,,39.3,141.7,72.03,271.86,26.64513507,"Itoh et al., 2000",10.1029/2000jb900071,Averaged in April 2020,
HONSHU NE,HN-NE-100-1,Honshu,Kurihashi ChRM,Granodiorite,110,91.5,FT,Magnetite,Y,Demag Test ,,,311,41,287.9,44.1,3.4,43.7,3.4,44.7,,,39.3,141.7,29.36,62.43,25.85175239,"Itoh et al., 1998; 2000",10.1029/2000jb900071, /10.5575/geosoc.104.42,"Averaged in May, 2020"
HONSHU NE,S1-1-BNT,MOM S1-1-BNT,,Sheeted dike,50,50,,,Y,,,,14,,51.9,30.1,6.9,40.7,5.95,54.26,220,15,35.09,140.11,,,,"Ganbat et al., 2021",https://doi.org/10.1029/2020JB021492,Bed converted DD --> S/D,
HONSHU NE,S1-2-BNT,MOM S1-2-BNT,,Sheeted dike,50,50,,,Y,,,,18,,7.4,22.4,6,34.4,5,48.85,220,15,35.09,140.11,,,,"Ganbat et al., 2021",https://doi.org/10.1029/2020JB021492,Bed converted DD --> S/D,
HONSHU NE,HGR,MOM HGR,,Alk. Basalt,16,16,,,Y,,,,42,,293.2,-31.8,4.9,22.5,4.84,23.37,72.9,16.2,35.1,139.93,,,,"Ganbat et al., 2021",https://doi.org/10.1029/2020JB021492,Bed converted DD --> S/D,
HONSHU NE,QWS,MOM QWS,,Tholeiitic Bas.,50,50,,,Y,,,,8,,329.5,48.7,14.7,17.8,12.6,23.92,357,19.3,35.11,140.02,,,,"Ganbat et al., 2021",https://doi.org/10.1029/2020JB021492,Bed converted DD --> S/D,
HONSHU NE,SNY,MOM SNY,,Tholeiitic Bas.,85,85,,,Y,,,,40,,69.5,29.4,11.2,6.5,9.28,9.01,86.2,57.6,35.09,140.1,,,,"Ganbat et al., 2021",https://doi.org/10.1029/2020JB021492,Bed converted DD --> S/D,


HONSHU NE,KM,MOM KM,,Tholeiitic Bas.,85,85,,,Y,,,,9,,22.8,29.6,14.1,14.3,12.74,17.3,,,35.09,140.1,,,,"Ganbat et al., 2021",https://doi.org/10.1029/2020JB021492,Bed converted DD --> S/D,
HONSHU NE,Chikura,Hata Fm.,,SS + Slt.S.+Tephra,3.15,2.35,,,Y,,,,,45,8.6,-47.7,3.3,42.4,,,,,33.97,139.91,,,,"Konishi and Okada, 2020",10.1186/s40645-020-00352-0,,
HONSHU NE,LPZ,Mera Coast,LPZ,SS + Slt.S.+Tephra,3.4,2.5,,,Y,,,,74,,4,51.4,,,2.6,,,,34.92,139.82,,,,"Tanimoto et al., 2024",10.21203/rs.3.rs-4861804/v1,,
HONSHU NE,UNPZ,Mera Coast,UNPZ,SS + Slt.S.+Tephra,3.4,2.5,,,Y,,,,32,,20.5,53.9,,,4.6,,,,34.92,139.82,,,,"Tanimoto et al., 2024",10.21203/rs.3.rs-4861804/v1,,
HONSHU NE,LNPZ,Mera Coast,LNPZ,SS + Slt.S.+Tephra,3.4,2.5,,,Y,,,,39,,176.9,-41.6,,,4.3,,,,34.92,139.82,,,,"Tanimoto et al., 2024",10.21203/rs.3.rs-4861804/v1,,
HONSHU NE,IN mean,Andesite intr.,,Andesite,15,15,,,Y,,,,,5,3.1,40.3,16.2,23.2,6,162.2,,,38.04,139.86,,,,"Hoshi et al., 2023",10.5575/geosoc.2023.0021,,
HONSHU NE,M mean,Myozawagawa,,Tuff,15.9,15.3,,,Y,,,,,3,330.8,52.9,2.2,3244.9,2.9,1857.6,,,38.05,139.87,,,,"Hoshi et al., 2023",10.5575/geosoc.2023.0021,,
HONSHU NE,B mean,Bentozawabashi,,Andesite,16.6,15.2,,,Y,,,,,14,318.8,53.4,7.7,27.8,9.4,18.9,,,38.05,139.87,,,,"Hoshi et al., 2023",10.5575/geosoc.2023.0021,,
HONSHU NE,K mean,Kitaoguni fm.,,Rhy. Welded Tuff,22.2,18.2,,,Y,,,,,8,329.5,45,15.3,14.1,17.6,10.9,,,38.07,139.8,,,,"Hoshi et al., 2023",10.5575/geosoc.2023.0021,,
HOKKAIDO,HK-26-1,Uimaoi Area,Minami-naganuma,Mudstone/Tuff,27,24,Biostrat,Magnetite,Y,Reversal,,,42,6,32.4,67.4,13.3,26.5,20.6,11.29394643,Individual,,42.962,141.745,67.1,197.3,50.22195378,"Tamaki et al., 2010",10.1111/j.1440-1738.2009.00698.x,,
HOKKAIDO,HK-32-1,Yubari area,Momijiyama Fm,Mudstone/sandstone,34,29,Biostrat,Magnetite,Y,Reversal,,,17,3,356.6,56,17.9,48.4,21.8,30.93842388,Individual,,42.925,141.7435,83.3,353.1,36.54881863,"Tamaki et al., 2010",10.1111/j.1440-1738.2009.00698.x,,
HOKKAIDO,HK-36-1,Yubari area,Poronai Fm.,Mudstone/sandstone,38,34,Biostrat,Magnetite,Y,Reversal,,,41,9,14.7,58.7,9.1,55.2,10,45.6,,,42.977,141.038,78.4,243.86,39.43235906,"Tamaki et al., 2010",10.1111/j.1440-1738.2009.00698.x,"Averaged in March, 2020",
HOKKAIDO,Urahoro (excl *),Urahoro Grp,,Muddy Sand,41.9,38.8,,,Y,,,,,6,37.3,51.5,13.9,24.3,,,140,8,43.14,143.92,,,,"Katagiri et al., 2019",10.1111/iar.12329,,
RYUKYU,Dyke 1,Dyke 1,,Basalt,16.5,16.2,,,Y,,,,3,,138.1,-13.3,18.3,,,,Ind,Ind,28.33,129.31,,,,"Motohashi et al., 2023",10.1186/s40623-022-01760-w,,
RYUKYU,Dyke 2,Dyke 2,,Basalt,16.6,16.4,,,Y,,,,8,,124,-24.9,8.1,,,,Ind,Ind,28.33,129.31,,,,"Motohashi et al., 2023",10.1186/s40623-022-01760-w,,
